timestamp,cpu
1715792102,0.0
1715792102,0.0
1715792102,0.0
1715792102,0.0
1715792102,0.0
1715792102,0.0
1715792102,0.0
1715792102,0.0
1715792102,0.0
1715792102,0.0
1715792103,0.0
1715792103,0.0
1715792103,0.0
1715792103,0.0
1715792103,0.0
1715792103,0.0
1715792103,0.0
1715792103,0.0
1715792103,0.0
1715792103,0.0
1715792104,0.0
1715792104,0.0
1715792104,0.0
1715792104,0.0
1715792104,0.0
1715792104,0.0
1715792104,0.0
1715792104,0.0
1715792104,0.0
1715792104,0.0
1715792105,0.0
1715792105,0.0
1715792105,0.0
1715792105,0.0
1715792105,0.0
1715792105,0.0
1715792105,0.0
1715792105,0.0
1715792105,0.0
1715792105,10.0
1715792106,0.0
1715792106,0.0
1715792106,10.0
1715792106,10.0
1715792106,10.0
1715792106,0.0
1715792106,10.0
1715792106,10.0
1715792106,19.9
1715792106,10.0
1715792107,0.0
1715792107,10.0
1715792107,10.0
1715792107,10.0
1715792107,10.0
1715792107,10.0
1715792107,0.0
1715792107,10.0
1715792107,10.0
1715792107,19.9
1715792108,10.0
1715792108,10.0
1715792108,0.0
1715792108,10.0
1715792108,10.0
1715792108,10.0
1715792108,10.0
1715792108,10.0
1715792108,0.0
1715792109,10.0
1715792109,19.9
1715792109,10.0
1715792109,10.0
1715792109,0.0
1715792109,10.0
1715792109,10.0
1715792109,10.0
1715792109,10.0
1715792109,10.0
1715792110,10.0
1715792110,0.0
1715792110,19.9
1715792110,10.0
1715792110,10.0
1715792110,10.0
1715792110,10.0
1715792110,0.0
1715792110,10.0
1715792110,10.0
1715792111,10.0
1715792111,10.0
1715792111,0.0
1715792111,10.0
1715792111,0.0
1715792111,0.0
1715792111,0.0
1715792111,0.0
1715792111,0.0
1715792111,0.0
1715792112,0.0
1715792112,0.0
1715792112,0.0
1715792112,0.0
1715792112,0.0
1715792112,0.0
1715792112,0.0
1715792112,0.0
1715792112,0.0
1715792112,0.0
1715792113,10.0
1715792113,10.0
1715792113,19.9
1715792113,10.0
1715792113,19.9
1715792113,19.9
1715792113,19.9
1715792113,10.0
1715792113,19.9
1715792113,10.0
1715792114,19.9
1715792114,19.9
1715792114,19.9
1715792114,10.0
1715792114,19.9
1715792114,10.0
1715792114,19.9
1715792114,10.0
1715792114,29.9
1715792114,10.0
1715792115,19.9
1715792115,10.0
1715792115,19.9
1715792115,10.0
1715792115,29.9
1715792115,19.9
1715792115,10.0
1715792115,19.9
1715792115,10.0
1715792115,19.9
1715792116,19.9
1715792116,19.9
1715792116,10.0
1715792116,19.9
1715792116,19.9
1715792116,10.0
1715792116,29.9
1715792116,10.0
1715792116,19.9
1715792116,10.0
1715792117,19.9
1715792117,10.0
1715792117,29.9
1715792117,10.0
1715792117,19.9
1715792117,10.0
1715792117,19.9
1715792117,10.0
1715792117,29.9
1715792117,10.0
1715792118,10.0
1715792118,10.0
1715792118,0.0
1715792118,0.0
1715792118,0.0
1715792118,0.0
1715792118,0.0
1715792118,0.0
1715792118,0.0
1715792118,0.0
1715792119,0.0
1715792119,0.0
1715792119,0.0
1715792119,0.0
1715792119,0.0
1715792119,0.0
1715792119,0.0
1715792119,0.0
1715792119,0.0
1715792119,29.9
1715792120,19.9
1715792120,19.9
1715792120,19.9
1715792120,39.9
1715792120,19.9
1715792120,19.9
1715792120,19.9
1715792120,29.9
1715792120,19.9
1715792120,29.8
1715792121,19.9
1715792121,29.9
1715792121,19.9
1715792121,19.9
1715792121,29.9
1715792121,19.9
1715792121,29.9
1715792121,19.9
1715792121,19.9
1715792121,19.9
1715792122,39.8
1715792122,19.9
1715792122,19.9
1715792122,19.9
1715792122,39.9
1715792122,19.9
1715792122,19.9
1715792122,19.9
1715792122,29.9
1715792122,29.9
1715792123,19.9
1715792123,19.9
1715792123,29.9
1715792123,29.9
1715792123,19.9
1715792123,29.9
1715792123,19.9
1715792123,19.9
1715792123,19.9
1715792123,19.9
1715792124,29.9
1715792124,29.8
1715792124,19.9
1715792124,19.9
1715792124,29.9
1715792124,19.9
1715792124,19.9
1715792124,19.9
1715792124,19.9
1715792124,19.9
1715792125,0.0
1715792125,0.0
1715792125,0.0
1715792125,0.0
1715792125,0.0
1715792125,0.0
1715792125,0.0
1715792125,0.0
1715792125,0.0
1715792125,0.0
1715792126,0.0
1715792126,0.0
1715792126,0.0
1715792126,0.0
1715792126,0.0
1715792126,0.0
1715792126,0.0
1715792126,29.9
1715792126,39.9
1715792126,29.9
1715792127,29.9
1715792127,29.9
1715792127,39.9
1715792127,29.9
1715792127,29.8
1715792127,39.8
1715792127,29.9
1715792127,29.9
1715792127,39.9
1715792127,29.9
1715792128,29.9
1715792128,39.9
1715792128,29.9
1715792128,29.9
1715792128,39.8
1715792128,39.8
1715792128,29.9
1715792128,39.9
1715792128,19.9
1715792128,29.9
1715792129,39.9
1715792129,29.9
1715792129,29.9
1715792129,39.9
1715792129,29.9
1715792129,19.9
1715792129,29.9
1715792129,39.8
1715792129,29.9
1715792129,29.9
1715792130,39.9
1715792130,39.9
1715792130,29.9
1715792130,39.9
1715792130,19.9
1715792130,29.9
1715792130,39.8
1715792130,29.9
1715792130,29.9
1715792130,39.8
1715792131,29.9
1715792131,29.9
1715792131,39.9
1715792131,29.9
1715792131,29.9
1715792131,29.9
1715792131,29.9
1715792131,0.0
1715792131,0.0
1715792131,0.0
1715792132,0.0
1715792132,0.0
1715792132,0.0
1715792132,0.0
1715792132,0.0
1715792132,0.0
1715792132,0.0
1715792132,0.0
1715792132,0.0
1715792132,0.0
1715792133,0.0
1715792133,0.0
1715792133,0.0
1715792133,10.0
1715792133,0.0
1715792133,39.9
1715792133,29.9
1715792133,39.9
1715792133,39.9
1715792133,49.8
1715792134,29.8
1715792134,49.8
1715792134,29.9
1715792134,49.8
1715792134,29.9
1715792134,49.8
1715792134,29.9
1715792134,49.8
1715792134,29.9
1715792134,39.9
1715792135,49.8
1715792135,39.8
1715792135,29.8
1715792135,49.8
1715792135,29.9
1715792135,49.9
1715792135,29.9
1715792135,39.9
1715792135,49.9
1715792135,29.9
1715792136,49.8
1715792136,29.9
1715792136,49.8
1715792136,29.8
1715792136,39.8
1715792136,39.8
1715792136,39.9
1715792136,39.9
1715792136,39.9
1715792137,39.8
1715792137,49.8
1715792137,29.9
1715792137,39.9
1715792137,49.7
1715792137,29.9
1715792137,39.9
1715792137,49.9
1715792137,29.9
1715792137,49.8
1715792138,29.9
1715792138,39.9
1715792138,49.8
1715792138,39.9
1715792138,39.9
1715792138,29.9
1715792138,0.0
1715792138,0.0
1715792138,0.0
1715792138,0.0
1715792139,0.0
1715792139,0.0
1715792139,0.0
1715792139,0.0
1715792139,0.0
1715792139,0.0
1715792139,0.0
1715792139,0.0
1715792139,0.0
1715792139,0.0
1715792140,0.0
1715792140,0.0
1715792140,10.0
1715792140,0.0
1715792140,49.8
1715792140,49.8
1715792140,39.8
1715792140,49.8
1715792140,49.7
1715792140,39.8
1715792141,49.8
1715792141,49.8
1715792141,49.8
1715792141,39.9
1715792141,59.8
1715792141,49.8
1715792141,39.9
1715792141,39.8
1715792141,49.8
1715792141,59.8
1715792142,39.8
1715792142,49.8
1715792142,39.9
1715792142,59.8
1715792142,39.9
1715792142,39.9
1715792142,49.8
1715792142,49.8
1715792142,39.8
1715792142,59.7
1715792143,39.9
1715792143,59.8
1715792143,39.9
1715792143,49.8
1715792143,49.8
1715792143,39.9
1715792143,49.8
1715792143,39.9
1715792143,49.7
1715792143,49.7
1715792144,39.8
1715792144,59.8
1715792144,39.9
1715792144,49.8
1715792144,49.8
1715792144,39.9
1715792144,49.8
1715792144,49.7
1715792144,49.7
1715792144,39.8
1715792145,59.8
1715792145,39.9
1715792145,59.8
1715792145,29.9
1715792145,0.0
1715792145,0.0
1715792145,0.0
1715792145,0.0
1715792145,0.0
1715792145,0.0
1715792146,0.0
1715792146,0.0
1715792146,0.0
1715792146,0.0
1715792146,0.0
1715792146,0.0
1715792146,0.0
1715792146,0.0
1715792146,0.0
1715792146,10.0
1715792147,0.0
1715792147,19.9
1715792147,59.8
1715792147,49.8
1715792147,69.8
1715792147,39.8
1715792147,59.8
1715792147,59.8
1715792147,49.8
1715792147,59.7
1715792148,59.7
1715792148,59.7
1715792148,59.8
1715792148,49.8
1715792148,49.8
1715792148,59.8
1715792148,59.8
1715792148,49.8
1715792148,69.8
1715792148,49.8
1715792149,59.7
1715792149,59.7
1715792149,59.8
1715792149,59.8
1715792149,59.8
1715792149,49.8
1715792149,59.8
1715792149,59.8
1715792149,69.8
1715792149,39.9
1715792150,59.6
1715792150,59.7
1715792150,59.7
1715792150,59.8
1715792150,59.8
1715792150,59.8
1715792150,59.8
1715792150,49.8
1715792150,59.8
1715792150,49.8
1715792151,69.6
1715792151,59.7
1715792151,49.7
1715792151,59.8
1715792151,59.8
1715792151,39.9
1715792151,59.8
1715792151,59.8
1715792151,59.8
1715792151,49.8
1715792152,49.7
1715792152,29.9
1715792152,0.0
1715792152,0.0
1715792152,0.0
1715792152,0.0
1715792152,0.0
1715792152,0.0
1715792152,0.0
1715792152,0.0
1715792153,0.0
1715792153,0.0
1715792153,0.0
1715792153,0.0
1715792153,0.0
1715792153,0.0
1715792153,0.0
1715792153,0.0
1715792153,0.0
1715792153,49.8
1715792154,69.6
1715792154,69.6
1715792154,69.7
1715792154,59.7
1715792154,69.7
1715792154,59.7
1715792154,69.7
1715792154,69.8
1715792154,69.8
1715792154,69.8
1715792155,49.7
1715792155,79.6
1715792155,49.8
1715792155,59.8
1715792155,69.8
1715792155,69.8
1715792155,69.7
1715792155,59.8
1715792155,69.8
1715792155,59.7
1715792156,59.6
1715792156,79.6
1715792156,59.7
1715792156,69.7
1715792156,69.8
1715792156,59.8
1715792156,59.8
1715792156,59.8
1715792156,69.8
1715792156,69.7
1715792157,69.6
1715792157,69.6
1715792157,69.7
1715792157,59.8
1715792157,59.8
1715792157,69.7
1715792157,69.8
1715792157,59.8
1715792157,69.7
1715792157,59.7
1715792158,59.7
1715792158,79.6
1715792158,59.8
1715792158,69.8
1715792158,59.8
1715792158,69.8
1715792158,59.8
1715792158,69.8
1715792158,69.8
1715792158,10.0
1715792159,0.0
1715792159,0.0
1715792159,0.0
1715792159,0.0
1715792159,0.0
1715792159,0.0
1715792159,0.0
1715792159,0.0
1715792159,0.0
1715792159,0.0
1715792160,0.0
1715792160,0.0
1715792160,0.0
1715792160,0.0
1715792160,0.0
1715792160,0.0
1715792160,10.0
1715792160,49.8
1715792160,69.8
1715792160,59.8
1715792161,79.7
1715792161,79.8
1715792161,69.6
1715792161,79.6
1715792161,79.7
1715792161,69.7
1715792161,69.8
1715792161,69.8
1715792161,79.7
1715792161,69.8
1715792162,69.8
1715792162,69.8
1715792162,69.7
1715792162,79.6
1715792162,79.6
1715792162,79.7
1715792162,69.7
1715792162,59.8
1715792162,79.7
1715792163,69.7
1715792163,69.8
1715792163,79.7
1715792163,59.7
1715792163,79.6
1715792163,69.6
1715792163,69.8
1715792163,69.7
1715792163,79.8
1715792163,69.8
1715792164,79.7
1715792164,69.8
1715792164,69.8
1715792164,69.7
1715792164,79.6
1715792164,69.6
1715792164,79.6
1715792164,69.7
1715792164,59.8
1715792164,89.7
1715792165,69.8
1715792165,59.8
1715792165,79.7
1715792165,79.7
1715792165,69.6
1715792165,79.3
1715792165,69.7
1715792165,79.7
1715792165,0.0
1715792165,0.0
1715792166,0.0
1715792166,0.0
1715792166,0.0
1715792166,0.0
1715792166,0.0
1715792166,0.0
1715792166,0.0
1715792166,0.0
1715792166,0.0
1715792166,0.0
1715792167,0.0
1715792167,0.0
1715792167,0.0
1715792167,0.0
1715792167,0.0
1715792167,0.0
1715792167,69.8
1715792167,79.7
1715792167,69.7
1715792167,89.6
1715792168,79.7
1715792168,69.7
1715792168,79.7
1715792168,79.7
1715792168,79.6
1715792168,79.6
1715792168,79.5
1715792168,69.7
1715792168,89.7
1715792168,69.8
1715792169,79.7
1715792169,79.7
1715792169,89.7
1715792169,69.8
1715792169,89.4
1715792169,79.6
1715792169,79.5
1715792169,69.7
1715792169,79.7
1715792169,79.7
1715792170,79.7
1715792170,79.8
1715792170,79.7
1715792170,69.7
1715792170,89.5
1715792170,89.5
1715792170,69.7
1715792170,89.7
1715792170,59.8
1715792170,79.7
1715792171,79.7
1715792171,79.7
1715792171,79.6
1715792171,79.5
1715792171,89.5
1715792171,79.6
1715792171,69.7
1715792171,79.7
1715792171,69.7
1715792171,89.7
1715792172,69.8
1715792172,79.6
1715792172,79.5
1715792172,89.5
1715792172,69.6
1715792172,69.7
1715792172,10.0
1715792172,0.0
1715792172,0.0
1715792172,0.0
1715792173,0.0
1715792173,0.0
1715792173,0.0
1715792173,0.0
1715792173,0.0
1715792173,0.0
1715792173,0.0
1715792173,0.0
1715792173,0.0
1715792173,0.0
1715792174,0.0
1715792174,0.0
1715792174,0.0
1715792174,19.9
1715792174,89.5
1715792174,89.5
1715792174,89.6
1715792174,89.7
1715792174,89.7
1715792174,89.7
1715792175,89.7
1715792175,89.5
1715792175,89.6
1715792175,99.5
1715792175,89.5
1715792175,99.6
1715792175,89.7
1715792175,99.6
1715792175,89.7
1715792175,89.7
1715792176,89.6
1715792176,89.5
1715792176,79.6
1715792176,99.5
1715792176,79.7
1715792176,79.7
1715792176,89.7
1715792176,89.7
1715792176,109.7
1715792176,79.7
1715792177,89.6
1715792177,89.5
1715792177,99.5
1715792177,79.7
1715792177,99.6
1715792177,89.7
1715792177,99.6
1715792177,89.7
1715792177,89.7
1715792177,89.7
1715792178,89.6
1715792178,89.6
1715792178,89.5
1715792178,99.6
1715792178,89.7
1715792178,89.6
1715792178,99.7
1715792178,89.7
1715792178,89.7
1715792178,89.7
1715792179,89.6
1715792179,79.6
1715792179,89.5
1715792179,59.7
1715792179,0.0
1715792179,0.0
1715792179,0.0
1715792179,0.0
1715792179,0.0
1715792179,0.0
1715792180,0.0
1715792180,0.0
1715792180,0.0
1715792180,0.0
1715792180,0.0
1715792180,0.0
1715792180,0.0
1715792180,0.0
1715792180,0.0
1715792180,0.0
1715792181,10.0
1715792181,39.9
1715792181,89.5
1715792181,99.5
1715792181,99.5
1715792181,99.6
1715792181,89.6
1715792181,109.6
1715792181,99.7
1715792181,89.7
1715792182,99.7
1715792182,99.5
1715792182,99.6
1715792182,99.5
1715792182,89.5
1715792182,99.6
1715792182,89.7
1715792182,99.7
1715792182,79.7
1715792182,99.7
1715792183,89.7
1715792183,99.5
1715792183,89.5
1715792183,99.5
1715792183,89.7
1715792183,99.6
1715792183,99.5
1715792183,99.6
1715792183,99.7
1715792183,109.6
1715792184,89.7
1715792184,99.5
1715792184,99.5
1715792184,99.4
1715792184,99.6
1715792184,109.6
1715792184,99.6
1715792184,89.7
1715792184,109.6
1715792184,99.7
1715792185,109.5
1715792185,99.6
1715792185,89.6
1715792185,99.5
1715792185,99.5
1715792185,99.6
1715792185,109.6
1715792185,89.7
1715792185,99.7
1715792185,99.7
1715792186,99.5
1715792186,39.9
1715792186,0.0
1715792186,10.0
1715792186,0.0
1715792186,0.0
1715792186,0.0
1715792186,0.0
1715792186,0.0
1715792186,0.0
1715792187,0.0
1715792187,0.0
1715792187,0.0
1715792187,0.0
1715792187,0.0
1715792187,0.0
1715792187,0.0
1715792187,0.0
1715792187,0.0
1715792188,49.8
1715792188,109.6
1715792188,99.7
1715792188,109.6
1715792188,99.5
1715792188,109.3
1715792188,99.6
1715792188,99.6
1715792188,109.5
1715792188,99.6
1715792189,99.6
1715792189,89.7
1715792189,99.6
1715792189,99.5
1715792189,89.5
1715792189,109.4
1715792189,99.5
1715792189,99.6
1715792189,99.6
1715792189,109.6
1715792190,99.6
1715792190,99.6
1715792190,89.5
1715792190,109.5
1715792190,89.5
1715792190,99.5
1715792190,109.6
1715792190,109.6
1715792190,99.7
1715792190,109.6
1715792191,99.5
1715792191,99.5
1715792191,99.4
1715792191,109.5
1715792191,99.6
1715792191,99.7
1715792191,99.6
1715792191,99.7
1715792191,109.6
1715792191,99.7
1715792192,109.3
1715792192,109.3
1715792192,109.3
1715792192,119.4
1715792192,109.6
1715792192,89.6
1715792192,119.6
1715792192,99.6
1715792192,109.3
1715792192,99.4
1715792193,39.8
1715792193,0.0
1715792193,0.0
1715792193,0.0
1715792193,0.0
1715792193,0.0
1715792193,0.0
1715792193,0.0
1715792193,0.0
1715792193,0.0
1715792194,0.0
1715792194,0.0
1715792194,0.0
1715792194,0.0
1715792194,0.0
1715792194,0.0
1715792194,0.0
1715792194,0.0
1715792194,89.7
1715792194,119.4
1715792195,109.4
1715792195,109.5
1715792195,119.6
1715792195,119.5
1715792195,119.5
1715792195,109.7
1715792195,109.6
1715792195,109.5
1715792195,99.5
1715792195,119.3
1715792196,109.4
1715792196,109.4
1715792196,109.4
1715792196,119.5
1715792196,109.6
1715792196,119.6
1715792196,119.3
1715792196,109.4
1715792196,119.4
1715792196,109.4
1715792197,119.5
1715792197,109.5
1715792197,99.7
1715792197,109.6
1715792197,109.6
1715792197,109.4
1715792197,109.4
1715792197,129.3
1715792197,99.6
1715792197,119.5
1715792198,109.5
1715792198,129.5
1715792198,109.6
1715792198,119.5
1715792198,109.5
1715792198,109.4
1715792198,99.5
1715792198,119.4
1715792198,119.5
1715792198,109.4
1715792199,109.6
1715792199,119.6
1715792199,109.4
1715792199,109.4
1715792199,109.4
1715792199,119.6
1715792199,109.5
1715792199,109.6
1715792199,10.0
1715792199,0.0
1715792200,0.0
1715792200,0.0
1715792200,0.0
1715792200,0.0
1715792200,0.0
1715792200,0.0
1715792200,0.0
1715792200,0.0
1715792200,0.0
1715792200,0.0
1715792201,0.0
1715792201,0.0
1715792201,0.0
1715792201,0.0
1715792201,0.0
1715792201,10.0
1715792201,129.4
1715792201,119.3
1715792201,129.5
1715792201,129.6
1715792202,129.4
1715792202,129.4
1715792202,129.3
1715792202,119.5
1715792202,139.3
1715792202,109.5
1715792202,119.4
1715792202,119.4
1715792202,119.5
1715792202,139.4
1715792203,119.6
1715792203,139.4
1715792203,129.3
1715792203,129.2
1715792203,119.4
1715792203,129.4
1715792203,119.6
1715792203,129.5
1715792203,129.6
1715792203,139.5
1715792204,129.4
1715792204,119.3
1715792204,139.3
1715792204,139.2
1715792204,109.4
1715792204,119.6
1715792204,109.6
1715792204,119.6
1715792204,119.6
1715792204,129.4
1715792205,119.4
1715792205,129.4
1715792205,139.6
1715792205,119.5
1715792205,139.4
1715792205,129.5
1715792205,129.4
1715792205,129.6
1715792205,109.6
1715792205,139.2
1715792206,129.3
1715792206,129.3
1715792206,129.4
1715792206,129.4
1715792206,139.3
1715792206,89.7
1715792206,0.0
1715792206,0.0
1715792206,0.0
1715792206,0.0
1715792207,0.0
1715792207,0.0
1715792207,0.0
1715792207,0.0
1715792207,0.0
1715792207,0.0
1715792207,0.0
1715792207,0.0
1715792207,0.0
1715792207,0.0
1715792208,0.0
1715792208,0.0
1715792208,0.0
1715792208,69.7
1715792208,129.5
1715792208,129.5
1715792208,139.4
1715792208,119.5
1715792208,129.6
1715792208,139.2
1715792209,119.3
1715792209,139.3
1715792209,119.4
1715792209,139.4
1715792209,129.5
1715792209,129.5
1715792209,139.3
1715792209,119.6
1715792209,149.2
1715792209,129.5
1715792210,139.3
1715792210,149.3
1715792210,129.4
1715792210,149.3
1715792210,129.4
1715792210,139.4
1715792210,139.4
1715792210,149.3
1715792210,149.3
1715792211,129.3
1715792211,129.4
1715792211,129.4
1715792211,139.4
1715792211,139.5
1715792211,139.5
1715792211,139.3
1715792211,139.3
1715792211,139.4
1715792211,139.2
1715792212,139.5
1715792212,139.3
1715792212,139.3
1715792212,149.4
1715792212,129.4
1715792212,119.5
1715792212,129.4
1715792212,139.4
1715792212,119.4
1715792212,129.4
1715792213,149.3
1715792213,129.4
1715792213,129.5
1715792213,139.4
1715792213,59.8
1715792213,0.0
1715792213,0.0
1715792213,0.0
1715792213,0.0
1715792213,0.0
1715792214,0.0
1715792214,0.0
1715792214,0.0
1715792214,0.0
1715792214,0.0
1715792214,0.0
1715792214,0.0
1715792214,0.0
1715792214,0.0
1715792214,0.0
1715792215,0.0
1715792215,10.0
1715792215,89.6
1715792215,119.2
1715792215,129.3
1715792215,139.2
1715792215,139.2
1715792215,129.2
1715792215,119.3
1715792215,129.3
1715792216,129.5
1715792216,129.5
1715792216,129.4
1715792216,138.8
1715792216,129.3
1715792216,148.9
1715792216,139.3
1715792216,139.2
1715792216,139.5
1715792216,129.6
1715792217,149.5
1715792217,129.1
1715792217,139.1
1715792217,129.3
1715792217,129.5
1715792217,139.4
1715792217,139.3
1715792217,139.3
1715792217,119.3
1715792217,139.2
1715792218,139.3
1715792218,149.2
1715792218,129.4
1715792218,139.2
1715792218,129.4
1715792218,129.4
1715792218,129.1
1715792218,149.2
1715792218,139.5
1715792218,129.3
1715792219,149.2
1715792219,129.2
1715792219,139.6
1715792219,129.6
1715792219,139.3
1715792219,129.3
1715792219,139.3
1715792219,129.3
1715792219,139.1
1715792219,139.2
1715792220,129.4
1715792220,139.5
1715792220,10.0
1715792220,0.0
1715792220,0.0
1715792220,0.0
1715792220,0.0
1715792220,0.0
1715792220,0.0
1715792220,0.0
1715792221,0.0
1715792221,0.0
1715792221,0.0
1715792221,0.0
1715792221,0.0
1715792221,0.0
1715792221,0.0
1715792221,0.0
1715792221,0.0
1715792221,0.0
1715792222,149.5
1715792222,139.4
1715792222,149.3
1715792222,149.6
1715792222,139.4
1715792222,159.2
1715792222,139.4
1715792222,169.1
1715792222,149.2
1715792222,149.4
1715792223,139.5
1715792223,139.5
1715792223,149.4
1715792223,139.4
1715792223,159.2
1715792223,149.2
1715792223,149.3
1715792223,149.4
1715792223,149.3
1715792223,159.3
1715792224,149.4
1715792224,149.4
1715792224,149.1
1715792224,149.2
1715792224,149.2
1715792224,149.2
1715792224,149.1
1715792224,159.2
1715792224,149.3
1715792224,139.3
1715792225,129.4
1715792225,149.3
1715792225,159.3
1715792225,149.1
1715792225,149.3
1715792225,149.4
1715792225,149.4
1715792225,149.3
1715792225,149.2
1715792225,159.3
1715792226,169.2
1715792226,149.3
1715792226,159.2
1715792226,149.3
1715792226,159.3
1715792226,159.4
1715792226,149.2
1715792226,169.2
1715792226,149.3
1715792226,129.4
1715792227,0.0
1715792227,0.0
1715792227,0.0
1715792227,0.0
1715792227,0.0
1715792227,0.0
1715792227,0.0
1715792227,0.0
1715792227,0.0
1715792227,0.0
1715792228,0.0
1715792228,0.0
1715792228,0.0
1715792228,0.0
1715792228,0.0
1715792228,0.0
1715792228,0.0
1715792228,39.9
1715792228,149.2
1715792228,149.3
1715792229,139.2
1715792229,139.2
1715792229,129.4
1715792229,159.2
1715792229,139.5
1715792229,139.4
1715792229,139.0
1715792229,139.0
1715792229,139.3
1715792229,149.4
1715792230,129.4
1715792230,149.1
1715792230,149.1
1715792230,139.2
1715792230,139.1
1715792230,139.1
1715792230,149.2
1715792230,149.3
1715792230,149.4
1715792230,139.5
1715792231,159.2
1715792231,159.0
1715792231,139.2
1715792231,139.3
1715792231,149.4
1715792231,139.4
1715792231,139.2
1715792231,149.5
1715792231,149.3
1715792231,149.3
1715792232,139.1
1715792232,139.2
1715792232,159.2
1715792232,139.4
1715792232,159.1
1715792232,138.9
1715792232,159.1
1715792232,149.1
1715792232,149.0
1715792233,149.1
1715792233,139.3
1715792233,159.2
1715792233,149.0
1715792233,149.2
1715792233,159.1
1715792233,139.3
1715792233,159.3
1715792233,69.7
1715792233,10.0
1715792234,0.0
1715792234,0.0
1715792234,0.0
1715792234,0.0
1715792234,0.0
1715792234,0.0
1715792234,0.0
1715792234,0.0
1715792234,0.0
1715792234,0.0
1715792235,0.0
1715792235,0.0
1715792235,0.0
1715792235,0.0
1715792235,0.0
1715792235,0.0
1715792235,99.7
1715792235,169.1
1715792235,168.7
1715792235,169.1
1715792236,169.3
1715792236,149.2
1715792236,168.9
1715792236,158.8
1715792236,158.9
1715792236,159.0
1715792236,149.2
1715792236,149.2
1715792236,158.9
1715792236,159.2
1715792237,158.7
1715792237,169.0
1715792237,149.2
1715792237,139.2
1715792237,169.1
1715792237,168.8
1715792237,168.8
1715792237,168.8
1715792237,178.6
1715792237,159.1
1715792238,159.3
1715792238,158.9
1715792238,159.2
1715792238,159.1
1715792238,159.0
1715792238,149.2
1715792238,159.3
1715792238,159.3
1715792238,159.2
1715792238,179.1
1715792239,169.0
1715792239,169.4
1715792239,178.9
1715792239,169.0
1715792239,159.2
1715792239,169.3
1715792239,149.2
1715792239,159.2
1715792239,169.1
1715792239,178.9
1715792240,159.0
1715792240,149.1
1715792240,169.2
1715792240,159.1
1715792240,149.1
1715792240,159.0
1715792240,29.8
1715792240,0.0
1715792240,0.0
1715792240,0.0
1715792241,0.0
1715792241,0.0
1715792241,0.0
1715792241,0.0
1715792241,0.0
1715792241,0.0
1715792241,0.0
1715792241,0.0
1715792241,0.0
1715792241,0.0
1715792242,0.0
1715792242,0.0
1715792242,10.0
1715792242,0.0
1715792242,129.5
1715792242,189.1
1715792242,199.0
1715792242,149.3
1715792242,169.2
1715792242,159.2
1715792243,169.2
1715792243,169.3
1715792243,178.8
1715792243,178.9
1715792243,179.1
1715792243,188.7
1715792243,179.0
1715792243,169.0
1715792243,199.0
1715792243,168.7
1715792244,188.9
1715792244,169.1
1715792244,188.9
1715792244,178.8
1715792244,169.1
1715792244,169.0
1715792244,179.0
1715792244,188.8
1715792244,178.8
1715792244,169.0
1715792245,179.2
1715792245,188.8
1715792245,179.2
1715792245,178.9
1715792245,178.9
1715792245,149.1
1715792245,169.1
1715792245,159.2
1715792245,169.1
1715792245,188.6
1715792246,159.2
1715792246,159.0
1715792246,179.0
1715792246,179.1
1715792246,179.0
1715792246,179.0
1715792246,169.0
1715792246,159.2
1715792246,168.9
1715792246,169.1
1715792247,169.2
1715792247,169.0
1715792247,179.0
1715792247,169.2
1715792247,0.0
1715792247,0.0
1715792247,0.0
1715792247,0.0
1715792247,0.0
1715792247,0.0
1715792248,0.0
1715792248,0.0
1715792248,0.0
1715792248,0.0
1715792248,0.0
1715792248,0.0
1715792248,0.0
1715792248,0.0
1715792248,0.0
1715792248,0.0
1715792249,0.0
1715792249,29.9
1715792249,179.0
1715792249,188.9
1715792249,179.2
1715792249,179.3
1715792249,169.2
1715792249,169.1
1715792249,169.1
1715792249,169.0
1715792250,169.3
1715792250,169.1
1715792250,169.2
1715792250,179.0
1715792250,178.6
1715792250,179.1
1715792250,188.5
1715792250,179.1
1715792250,149.4
1715792250,168.8
1715792251,188.9
1715792251,188.8
1715792251,188.8
1715792251,178.6
1715792251,179.0
1715792251,158.7
1715792251,179.0
1715792251,169.0
1715792251,159.1
1715792251,169.2
1715792252,189.0
1715792252,189.3
1715792252,179.2
1715792252,169.3
1715792252,169.2
1715792252,159.0
1715792252,179.1
1715792252,179.1
1715792252,188.8
1715792253,179.0
1715792253,188.9
1715792253,179.1
1715792253,188.9
1715792253,178.9
1715792253,179.1
1715792253,198.7
1715792253,188.9
1715792253,178.9
1715792253,169.2
1715792254,188.9
1715792254,178.8
1715792254,89.6
1715792254,10.0
1715792254,0.0
1715792254,0.0
1715792254,0.0
1715792254,0.0
1715792254,0.0
1715792254,0.0
1715792255,0.0
1715792255,0.0
1715792255,0.0
1715792255,0.0
1715792255,0.0
1715792255,0.0
1715792255,0.0
1715792255,0.0
1715792255,0.0
1715792255,0.0
1715792256,89.6
1715792256,198.7
1715792256,189.3
1715792256,189.1
1715792256,188.9
1715792256,179.1
1715792256,189.2
1715792256,188.8
1715792256,189.0
1715792256,188.8
1715792257,199.0
1715792257,189.2
1715792257,189.0
1715792257,179.2
1715792257,189.1
1715792257,189.1
1715792257,189.0
1715792257,199.2
1715792257,179.2
1715792257,189.1
1715792258,189.1
1715792258,179.1
1715792258,179.3
1715792258,189.0
1715792258,189.2
1715792258,189.1
1715792258,179.1
1715792258,179.2
1715792258,189.1
1715792258,189.0
1715792259,179.1
1715792259,179.2
1715792259,179.0
1715792259,169.0
1715792259,189.1
1715792259,189.0
1715792259,188.9
1715792259,189.0
1715792259,169.3
1715792259,179.0
1715792260,179.2
1715792260,169.2
1715792260,179.0
1715792260,179.1
1715792260,189.1
1715792260,179.2
1715792260,189.2
1715792260,199.1
1715792260,188.8
1715792260,199.0
1715792261,49.8
1715792261,0.0
1715792261,0.0
1715792261,0.0
1715792261,0.0
1715792261,0.0
1715792261,0.0
1715792261,0.0
1715792261,0.0
1715792261,0.0
1715792262,0.0
1715792262,0.0
1715792262,0.0
1715792262,0.0
1715792262,0.0
1715792262,0.0
1715792262,0.0
1715792262,0.0
1715792262,159.5
1715792262,189.0
1715792263,179.2
1715792263,189.1
1715792263,199.1
1715792263,189.1
1715792263,189.2
1715792263,189.0
1715792263,199.2
1715792263,188.9
1715792263,179.2
1715792263,189.1
1715792264,189.1
1715792264,179.2
1715792264,179.0
1715792264,189.1
1715792264,189.2
1715792264,189.1
1715792264,198.9
1715792264,179.1
1715792264,189.2
1715792264,189.0
1715792265,189.1
1715792265,189.1
1715792265,199.1
1715792265,179.1
1715792265,179.2
1715792265,189.2
1715792265,189.1
1715792265,189.1
1715792265,189.1
1715792265,189.2
1715792266,189.0
1715792266,189.2
1715792266,189.2
1715792266,179.0
1715792266,199.2
1715792266,179.0
1715792266,189.1
1715792266,189.1
1715792266,179.1
1715792266,199.0
1715792267,189.2
1715792267,189.0
1715792267,199.2
1715792267,189.0
1715792267,208.9
1715792267,179.0
1715792267,199.2
1715792267,169.3
1715792267,0.0
1715792267,0.0
1715792268,0.0
1715792268,0.0
1715792268,0.0
1715792268,0.0
1715792268,0.0
1715792268,0.0
1715792268,0.0
1715792268,0.0
1715792268,0.0
1715792268,0.0
1715792269,0.0
1715792269,0.0
1715792269,0.0
1715792269,0.0
1715792269,0.0
1715792269,19.9
1715792269,208.7
1715792269,198.7
1715792269,188.7
1715792269,198.8
1715792270,199.0
1715792270,199.1
1715792270,209.0
1715792270,198.8
1715792270,189.0
1715792270,198.9
1715792270,199.3
1715792270,188.9
1715792270,199.1
1715792270,198.7
1715792271,198.7
1715792271,198.8
1715792271,188.9
1715792271,208.6
1715792271,188.8
1715792271,199.0
1715792271,198.9
1715792271,208.9
1715792271,199.0
1715792271,198.8
1715792272,199.0
1715792272,198.9
1715792272,199.0
1715792272,198.9
1715792272,208.9
1715792272,198.8
1715792272,199.1
1715792272,199.0
1715792272,198.9
1715792272,199.0
1715792273,198.8
1715792273,198.9
1715792273,199.0
1715792273,198.9
1715792273,198.7
1715792273,208.8
1715792273,199.0
1715792273,198.7
1715792273,189.1
1715792274,208.9
1715792274,198.9
1715792274,198.9
1715792274,198.9
1715792274,198.9
1715792274,199.0
1715792274,129.4
1715792274,0.0
1715792274,0.0
1715792274,0.0
1715792275,0.0
1715792275,0.0
1715792275,0.0
1715792275,0.0
1715792275,0.0
1715792275,0.0
1715792275,0.0
1715792275,0.0
1715792275,0.0
1715792275,0.0
1715792276,0.0
1715792276,0.0
1715792276,0.0
1715792276,0.0
1715792276,0.0
1715792276,0.0
1715792276,0.0
1715792276,0.0
1715792276,0.0
1715792276,0.0
1715792277,0.0
1715792277,0.0
1715792277,0.0
1715792277,0.0
1715792277,0.0
1715792277,0.0
1715792277,0.0
1715792277,0.0
1715792277,0.0
1715792277,0.0
1715792278,0.0
1715792278,0.0
1715792278,0.0
1715792278,0.0
1715792278,0.0
1715792278,0.0
1715792278,0.0
1715792278,0.0
1715792278,0.0
1715792278,0.0
1715792279,0.0
1715792279,0.0
1715792279,0.0
1715792279,0.0
1715792279,0.0
1715792279,0.0
1715792279,0.0
1715792279,0.0
1715792279,0.0
1715792279,0.0
1715792280,0.0
1715792280,0.0
1715792280,0.0
1715792280,0.0
1715792280,0.0
1715792280,0.0
1715792280,0.0
1715792280,0.0
1715792280,0.0
1715792280,0.0
1715792281,0.0
1715792281,0.0
1715792281,0.0
1715792281,0.0
1715792281,0.0
1715792281,0.0
1715792281,0.0
1715792281,0.0
1715792281,0.0
1715792281,0.0
1715792282,0.0
1715792282,0.0
1715792282,0.0
1715792282,0.0
1715792282,0.0
1715792282,0.0
1715792282,0.0
1715792282,0.0
1715792282,0.0
1715792282,0.0
1715792283,0.0
1715792283,0.0
1715792283,0.0
1715792283,0.0
1715792283,0.0
1715792283,0.0
1715792283,0.0
1715792283,0.0
1715792283,0.0
1715792283,0.0
1715792284,0.0
1715792284,0.0
1715792284,0.0
1715792284,0.0
1715792284,0.0
1715792284,0.0
1715792284,0.0
1715792284,0.0
1715792284,0.0
1715792284,0.0
1715792285,0.0
1715792285,0.0
1715792285,0.0
1715792285,0.0
1715792285,0.0
1715792285,0.0
1715792285,0.0
1715792285,0.0
1715792285,0.0
1715792285,0.0
1715792286,0.0
1715792286,0.0
1715792286,0.0
1715792286,0.0
1715792286,0.0
1715792286,0.0
1715792286,0.0
1715792286,0.0
1715792286,0.0
1715792286,0.0
1715792287,0.0
1715792287,0.0
1715792287,0.0
1715792287,0.0
1715792287,0.0
1715792287,0.0
1715792287,0.0
1715792287,0.0
1715792287,0.0
1715792287,0.0
1715792288,0.0
1715792288,0.0
1715792288,0.0
1715792288,0.0
1715792288,0.0
1715792288,0.0
1715792288,0.0
1715792288,0.0
1715792288,0.0
1715792288,0.0
1715792289,0.0
1715792289,0.0
1715792289,0.0
1715792289,0.0
1715792289,0.0
1715792289,0.0
1715792289,0.0
1715792289,0.0
1715792289,0.0
1715792289,0.0
1715792290,0.0
1715792290,0.0
1715792290,0.0
1715792290,0.0
1715792290,0.0
1715792290,0.0
1715792290,0.0
1715792290,0.0
1715792290,0.0
1715792290,0.0
1715792291,0.0
1715792291,0.0
1715792291,0.0
1715792291,0.0
1715792291,0.0
1715792291,0.0
1715792291,0.0
1715792291,0.0
1715792291,0.0
1715792291,0.0
1715792292,0.0
1715792292,0.0
1715792292,0.0
1715792292,0.0
1715792292,0.0
1715792292,0.0
1715792292,0.0
1715792292,0.0
1715792292,0.0
1715792292,0.0
1715792293,0.0
1715792293,0.0
1715792293,0.0
1715792293,0.0
1715792293,0.0
1715792293,0.0
1715792293,0.0
1715792293,0.0
1715792293,0.0
1715792293,0.0
1715792294,0.0
1715792294,0.0
1715792294,0.0
1715792294,0.0
1715792294,0.0
1715792294,0.0
1715792294,0.0
1715792294,0.0
1715792294,0.0
1715792294,0.0
1715792295,0.0
1715792295,0.0
1715792295,0.0
1715792295,0.0
1715792295,0.0
1715792295,0.0
1715792295,0.0
1715792295,0.0
1715792295,0.0
1715792295,0.0
1715792296,0.0
1715792296,0.0
1715792296,0.0
1715792296,0.0
1715792296,0.0
1715792296,0.0
1715792296,0.0
1715792296,0.0
1715792296,0.0
1715792296,0.0
1715792297,0.0
1715792297,0.0
1715792297,0.0
1715792297,0.0
1715792297,0.0
1715792297,0.0
1715792297,0.0
1715792297,0.0
1715792297,0.0
1715792297,0.0
1715792298,0.0
1715792298,0.0
1715792298,0.0
1715792298,0.0
1715792298,0.0
1715792298,0.0
1715792298,0.0
1715792298,0.0
1715792298,0.0
1715792298,0.0
1715792299,0.0
1715792299,0.0
1715792299,0.0
1715792299,0.0
1715792299,0.0
1715792299,0.0
1715792299,0.0
1715792299,0.0
1715792299,0.0
1715792299,0.0
1715792300,0.0
1715792300,0.0
1715792300,0.0
1715792300,0.0
1715792300,0.0
1715792300,0.0
1715792300,0.0
1715792300,0.0
1715792300,0.0
1715792300,0.0
1715792301,0.0
1715792301,0.0
1715792301,0.0
1715792301,0.0
1715792301,0.0
1715792301,0.0
1715792301,0.0
1715792301,0.0
1715792301,0.0
1715792302,0.0
1715792302,0.0
1715792302,0.0
1715792302,0.0
1715792302,0.0
1715792302,0.0
1715792302,0.0
1715792302,0.0
1715792302,0.0
